<?xml version="1.0" encoding="UTF-8" standalone="yes"?>
<addon
  id="plugin.video.xixam.com"
  version="1.0.7"
  name="Phim-XiXam"
  provider-name="ThuNM">
  <requires>
    <import addon="xbmc.python" version="2.1.0"/>
		<import addon="script.module.urlresolver" version="0.0.1"/>
  </requires>
  <extension point="xbmc.python.pluginsource" library="default.py">
        <provides>video</provides>
  </extension>
  <extension point="xbmc.addon.metadata">
    <summary>phim.xixam.com</summary>
    <description>Xem phim HD mien phi tai phim.xixam.com</description>
    <platform>all</platform>
  </extension>
</addon>