<?xml version="1.0" encoding="UTF-8" standalone="yes"?>
<addon id="plugin.video.xemphimsotv"
       name="[COLOR teal]✰ xemphimsotv[/COLOR]"
       version="1.0.3"
       provider-name="[B]lqc1987[/B]">
  <requires>
        <import addon="xbmc.python" version="2.1.0" optional="true" />
		<import addon="script.module.simplejson" />
		<import addon="script.module.t0mm0.common" version="1.1.0"/>
  </requires>
  <extension point="xbmc.python.pluginsource"
            library="default.py">
        <provides>video</provides>
  </extension>
  <extension point="xbmc.addon.metadata">
    <summary>[COLOR yellow]Giải [COLOR cyan]trí [COLOR tan]On[COLOR coral]line[/COLOR]</summary>
    <description>Xem miễn phí các kênh truyền hình tại http://www.xemphimso.com</description>
	<disclaimer lang="en">Stream nội dung trên Internet nên tôi không chịu trách nhiệm về sự ổn định của các link</disclaimer>	
    <platform>all</platform>
  </extension>
</addon>