<?xml version="1.0" encoding="utf-8" standalone="yes"?>

<channel>

<items>

<item>
<title>VTV1</title>
<link>http://xemphimso.com/xem-tv/vtv1.3.html</link>
<thumbnail>http://www.mytvnet.vn/upload/files/2013/12/vtv1.png</thumbnail>
</item>

<item>
<title>VTV2</title>
<link>http://xemphimso.com/xem-tv/vtv2.5.html</link>
<thumbnail>http://www.mytvnet.vn/upload/files/2013/12/vtv2.png</thumbnail>
</item>

<item>
<title>VTV3</title>
<link>http://xemphimso.com/xem-tv/vtv3.2.html</link>
<thumbnail>http://www.mytvnet.vn/upload/files/2013/12/vtv3.png</thumbnail>
</item>

<item>
<title>VTV4</title>
<link>http://xemphimso.com/xem-tv/vtv4.6.html</link>
<thumbnail>http://www.mytvnet.vn/upload/files/2013/12/vtv4.png</thumbnail>
</item>

<item>
<title>VTV5</title>
<link>http://xemphimso.com/xem-tv/vtv5.7.html</link>
<thumbnail>http://www.mytvnet.vn/upload/files/2013/12/vtv5.png</thumbnail>
</item>

<item>
<title>VTV6</title>
<link>http://xemphimso.com/xem-tv/vtv6.8.html</link>
<thumbnail>http://www.mytvnet.vn/upload/files/2013/12/vtv6.png</thumbnail>
</item>

<item>
<title>VTC1</title>
<link>http://xemphimso.com/xem-tv/vtc1.10.html</link>
<thumbnail>http://www.mytvnet.vn/upload/files/2013/12/vtc1.png</thumbnail>
</item>

<item>
<title>VTC2</title>
<link>http://xemphimso.com/xem-tv/vtc2.11.html</link>
<thumbnail>http://www.mytvnet.vn/upload/files/2013/12/vtc2.png</thumbnail>
</item>

<item>
<title>VTC3</title>
<link>http://xemphimso.com/xem-tv/vtc3.12.html</link>
<thumbnail>http://www.mytvnet.vn/upload/files/2013/12/vtc3.png</thumbnail>
</item>

<item>
<title>VTC6</title>
<link>http://xemphimso.com/xem-tv/vtc6.13.html</link>
<thumbnail>http://www.mytvnet.vn/upload/files/2013/12/vtc6.png</thumbnail>
</item>

<item>
<title>VTC7 - Todaytv</title>
<link>http://xemphimso.com/xem-tv/todaytv-vtc7.1.html</link>
<thumbnail>http://www.mytvnet.vn/upload/files/2013/12/today.png</thumbnail>
</item>

<item>
<title>VTC9 - Let's Việt</title>
<link>http://xemphimso.com/xem-tv/vtc9.14.html</link>
<thumbnail>http://www.mytvnet.vn/upload/files/2013/12/vtc9.png</thumbnail>
</item>

<item>
<title>VTC10 - Net Việt</title>
<link>http://xemphimso.com/xem-tv/vtc10.15.html</link>
<thumbnail>http://www.mytvnet.vn/upload/files/2013/12/vtc10.png</thumbnail>
</item>

<item>
<title>VTC11</title>
<link>http://xemphimso.com/xem-tv/vtc11.16.html</link>
<thumbnail>http://www.mytvnet.vn/upload/files/2013/12/vtc11.png</thumbnail>
</item>

<item>
<title>VTC13 - iTV</title>
<link>http://xemphimso.com/xem-tv/itv---vtc13.17.html</link>
<thumbnail>http://www.mytvnet.vn/upload/files/2013/12/itv.png</thumbnail>
</item>

<item>
<title>VTC14</title>
<link>http://xemphimso.com/xem-tv/vtc14.18.html</link>
<thumbnail>http://www.mytvnet.vn/upload/files/2013/12/vtc14.png</thumbnail>
</item>

<item>
<title>VTC16</title>
<link>http://xemphimso.com/xem-tv/vtc16.19.html</link>
<thumbnail>http://www.mytvnet.vn/upload/files/2013/12/vtc16.png</thumbnail>
</item>

<item>
<title>Hà Nội 1</title>
<link>http://xemphimso.com/xem-tv/hn1.24.html</link>
<thumbnail>http://www.mytvnet.vn/upload/files/2013/12/hanoi1.png</thumbnail>
</item>

<item>
<title>Hà Nội 2</title>
<link>http://xemphimso.com/xem-tv/hn2.25.html</link>
<thumbnail>http://www.mytvnet.vn/upload/files/2013/12/hanoi2.png</thumbnail>
</item>

<item>
<title>HTV1</title>
<link>http://xemphimso.com/xem-tv/htv1.122.html</link>
<thumbnail>http://www.mytvnet.vn/upload/files/2013/12/htv1.png</thumbnail>
</item>

<item>
<title>HTV2</title>
<link>http://xemphimso.com/xem-tv/htv2.4.html</link>
<thumbnail>http://www.mytvnet.vn/upload/files/2013/12/htv2.png</thumbnail>
</item>

<item>
<title>HTV3</title>
<link>http://xemphimso.com/xem-tv/htv3.113.html</link>
<thumbnail>http://www.mytvnet.vn/upload/files/2013/12/htv3.png</thumbnail>
</item>

<item>
<title>HTV7</title>
<link>http://xemphimso.com/xem-tv/htv7.20.html</link>
<thumbnail>http://www.mytvnet.vn/upload/files/2013/12/htv7.png</thumbnail>
</item>

<item>
<title>HTV9</title>
<link>http://xemphimso.com/xem-tv/htv9.21.html</link>
<thumbnail>http://www.mytvnet.vn/upload/files/2013/12/htv9.png</thumbnail>
</item>

<item>
<title>HTV Ca Nhạc</title>
<link>http://xemphimso.com/xem-tv/htvc-ca-nhac.136.html</link>
<thumbnail>http://www.mytvnet.vn/upload/files/2013/12/htvcanhac.png</thumbnail>
</item>

<item>
<title>HTV Du Lịch Cuộc Sống</title>
<link>http://xemphimso.com/xem-tv/htvc-du-lich-va-cuoc-song.139.html</link>
<thumbnail>http://www.mytvnet.vn/upload/files/2013/12/htvdulichcuocsong.png</thumbnail>
</item>

<item>
<title>HTV Gia Đình</title>
<link>http://xemphimso.com/xem-tv/htvc-gia-dinh.135.html</link>
<thumbnail>http://www.mytvnet.vn/upload/files/2013/12/htvgiadinh.png</thumbnail>
</item>

<item>
<title>HTV Phụ Nữ</title>
<link>http://xemphimso.com/xem-tv/htvc-phu-nu.138.html</link>
<thumbnail>http://www.mytvnet.vn/upload/files/2013/12/htvphunu.png</thumbnail>
</item>

<item>
<title>HTV Phim HD</title>
<link>http://xemphimso.com/xem-tv/htvc-phim.137.html</link>
<thumbnail>http://www.mytvnet.vn/upload/files/2013/12/htvphim.png</thumbnail>
</item>

<item>
<title>HTV Thể Thao</title>
<link>http://xemphimso.com/xem-tv/htvctt.22.html</link>
<thumbnail>http://www.mytvnet.vn/upload/files/2013/12/htvcthethao.png</thumbnail>
</item>

<item>
<title>HTV Thuần Việt</title>
<link>http://xemphimso.com/xem-tv/htvc-thuan-viet.23.html</link>
<thumbnail>http://www.mytvnet.vn/upload/files/2013/12/thuanviet.png</thumbnail>
</item>

<item>
<title>ANTV</title>
<link>http://xemphimso.com/xem-tv/antv.26.html</link>
<thumbnail>http://www.mytvnet.vn/upload/files/2013/12/antv.png</thumbnail>
</item>

<item>
<title>BTV1</title>
<link>http://xemphimso.com/xem-tv/btv1.33.html</link>
<thumbnail>http://www.mytvnet.vn/upload/files/2013/12/btv1.png</thumbnail>
</item>

<item>
<title>BTV2</title>
<link>http://xemphimso.com/xem-tv/btv2.133.html</link>
<thumbnail>http://www.mytvnet.vn/upload/files/2013/12/btv2.png</thumbnail>
</item>

<item>
<title>HcaTV</title>
<link>http://xemphimso.com/xem-tv/hcatv.132.html</link>
<thumbnail>http://www.mytvnet.vn/upload/files/2013/12/hcatv.png</thumbnail>
</item>

<item>
<title>HiTV</title>
<link>http://xemphimso.com/xem-tv/hitv.130.html</link>
<thumbnail>http://www.mytvnet.vn/upload/files/2013/12/hitv.png</thumbnail>
</item>

<item>
<title>TVM</title>
<link>http://xemphimso.com/xem-tv/tvm.131.html</link>
<thumbnail>http://i.imgur.com/I8fFcnk.png</thumbnail>
</item>

<item>
<title>VOVTV</title>
<link>http://xemphimso.com/xem-tv/vovtv.129.html</link>
<thumbnail>http://www.mytvnet.vn/upload/files/2013/12/vovtv.png</thumbnail>
</item>

<item>
<title>VITV</title>
<link>http://xemphimso.com/xem-tv/vovtv.129.html</link>
<thumbnail>http://i.imgur.com/WjbFvhS.png</thumbnail>
</item>

<item>
<title>ANIMAL PLANET</title>
<link>http://xemphimso.com/xem-tv/animal-planet.172.html</link>
<thumbnail>http://www.mytvnet.vn/upload/files/2013/12/animalplanet.png</thumbnail>
</item>

<item>
<title>ARIANG</title>
<link>http://xemphimso.com/xem-tv/arirang.182.html</link>
<thumbnail>http://www.mytvnet.vn/upload/files/2013/12/arirang.png</thumbnail>
</item>

<item>
<title>Asia News</title>
<link>http://xemphimso.com/xem-tv/channel-newsasia.179.html</link>
<thumbnail>http://i.imgur.com/H0SlmFq.png</thumbnail>
</item>

<item>
<title>Australia Network</title>
<link>http://xemphimso.com/xem-tv/australia-network.181.html</link>
<thumbnail>http://i.imgur.com/CnRpjUG.png</thumbnail>
</item>

<item>
<title>AXN</title>
<link>http://xemphimso.com/xem-tv/axnsd.134.html</link>
<thumbnail>http://www.mytvnet.vn/upload/files/2013/12/axn.png</thumbnail>
</item>

<item>
<title>Bloomberg</title>
<link>http://xemphimso.com/xem-tv/bloomberg.180.html</link>
<thumbnail>http://www.mytvnet.vn/upload/files/2013/12/bloomberg.png</thumbnail>
</item>

<item>
<title>Cartoon Network</title>
<link>http://xemphimso.com/xem-tv/cn.67.html</link>
<thumbnail>http://www.mytvnet.vn/upload/files/2013/12/cartoon.png</thumbnail>
</item>

<item>
<title>CHANNEL V</title>
<link>http://xemphimso.com/xem-tv/channel-v.127.html</link>
<thumbnail>http://i.imgur.com/Esl7XMG.png</thumbnail>
</item>

<item>
<title>CINEMAX</title>
<link>http://xemphimso.com/xem-tv/cinemax.126.html</link>
<thumbnail>http://www.mytvnet.vn/upload/files/2013/12/cinemax.png</thumbnail>
</item>

<item>
<title>DISCOVERRY</title>
<link>http://xemphimso.com/xem-tv/discovery.68.html</link>
<thumbnail>http://www.mytvnet.vn/upload/files/2013/12/discovery.png</thumbnail>
</item>

<item>
<title>DISNEY</title>
<link>http://xemphimso.com/xem-tv/disney-channel.121.html</link>
<thumbnail>http://i.imgur.com/bLpG3IH.png</thumbnail>
</item>

<item>
<title>DW</title>
<link>http://xemphimso.com/xem-tv/dw.177.html</link>
<thumbnail>http://www.mytvnet.vn/upload/files/2013/12/dw.png</thumbnail>
</item>

<item>
<title>FASHION</title>
<link>http://xemphimso.com/xem-tv/fashtion-tv.173.html</link>
<thumbnail>http://www.mytvnet.vn/upload/files/2013/12/fashiontv.png</thumbnail>
</item>

<item>
<title>FOX SPORT</title>
<link>http://xemphimso.com/xem-tv/fox-sport.64.html</link>
<thumbnail>http://www.mytvnet.vn/upload/files/2013/12/foxsport.png</thumbnail>
</item>

<item>
<title>HBO</title>
<link>http://xemphimso.com/xem-tv/hbosd.185.html</link>
<thumbnail>http://www.mytvnet.vn/upload/files/2013/12/hbo.png</thumbnail>
</item>

<item>
<title>MTV</title>
<link>http://xemphimso.com/xem-tv/mtv.65.html</link>
<thumbnail>http://www.mytvnet.vn/upload/files/2013/12/mtv.png</thumbnail>
</item>

<item>
<title>NHK WORLD</title>
<link>http://xemphimso.com/xem-tv/nhk.183.html</link>
<thumbnail>http://www.mytvnet.vn/upload/files/2013/12/nhk.png</thumbnail>
</item>

<item>
<title>STAR MOVIES</title>
<link>http://xemphimso.com/xem-tv/starmovies.62.html</link>
<thumbnail>http://www.mytvnet.vn/upload/files/2013/12/starmovies.png</thumbnail>
</item>

<item>
<title>STAR SPORT</title>
<link>http://xemphimso.com/xem-tv/starsports.63.html</link>
<thumbnail>http://www.mytvnet.vn/upload/files/2013/12/starsport.png</thumbnail>
</item>

<item>
<title>STAR WORLD</title>
<link>http://xemphimso.com/xem-tv/star-word.184.html</link>
<thumbnail>http://i.imgur.com/xR8Eh4L.png</thumbnail>
</item>

<item>
<title>TV5 Monde Asie</title>
<link>http://xemphimso.com/xem-tv/tv5-monde.175.html</link>
<thumbnail>http://www.mytvnet.vn/upload/files/2013/12/tv5.png</thumbnail>
</item>

</items>
</channel>