<?xml version="1.0" encoding="UTF-8" standalone="yes"?>
<addon
  id="plugin.video.xomgiaitri.com"
  version="1.0.6"
  name="Phim-XomGiaiTri"
  provider-name="ThuNM">
  <requires>
    <import addon="xbmc.python" version="2.1.0"/>
  </requires>
  <extension point="xbmc.python.pluginsource" library="default.py">
        <provides>video</provides>
  </extension>
  <extension point="xbmc.addon.metadata">
    <summary>XomGiaiTri.com</summary>
    <description>Xem phim HD XomGiaiTri.com</description>
    <platform>all</platform>
  </extension>
</addon>