<?xml version="1.0" encoding="UTF-8" standalone="yes"?>
<addon id="repository.tvbox.store"
		name="fb.com/tvbox.store"
		version="1.0.3"
		provider-name="KodiAnonymous">
	<extension point="xbmc.addon.repository"
		name="tvbox.store Add-on Repository">
		<info compressed="true">https://raw.githubusercontent.com/thunguyenminh/tvbox.store/master/addons.xml</info>
		<checksum>https://raw.githubusercontent.com/thunguyenminh/tvbox.store/master/addons.xml.md5</checksum>
		<datadir zip="true">https://raw.githubusercontent.com/thunguyenminh/tvbox.store/master/</datadir>
		<hashes>true</hashes>
	</extension>
	<extension point="xbmc.addon.metadata">
		<summary lang="en">Repositories tong hop tat ca cac addon xem tivi va xem phim truc tuyen danh cho nguoi viet</summary>
		<description lang="en">Maintenance code by Kodi Anonymous</description>
		<disclaimer lang="en"></disclaimer>
		<platform>all</platform>
	</extension>
</addon>
