<?xml version="1.0" encoding="UTF-8" standalone="yes"?>
<addon
  id="plugin.video.vtvplus.vn"
  version="1.0.3"
  name="TV-VTVPlus"
  provider-name="ThuNM">
  <requires>
    <import addon="xbmc.python" version="2.1.0"/>
  </requires>
  <extension point="xbmc.python.pluginsource" library="default.py">
        <provides>video</provides>
  </extension>
  <extension point="xbmc.addon.metadata">
    <summary>vtvplus.vn</summary>
    <description>Xem cac kenh vtvcab tai vtvplus.vn (can co tai khoan VIP)</description>
    <platform>all</platform>
  </extension>
</addon>