{
    "timestamp":"1405516604",
    "sources": {
        "vtc": {
            "url": "rtmp://38.107.180.195:1935/live",
            "swfurl": "http://vtc.com.vn/player_6_10_2011.swf",
            "pageurl": "http://vtc.com.vn/live",
            "token": "",
            "app": ""
        },
		 "tv24a": {
            "url": "rtmpe://112.197.2.154:1935/glive/",
            "swfurl": "http://tv24.vn/getflash.ashx",
            "pageurl": "http://tv24.vn/LiveTV",
            "token": "1b#K8!3zc65ends!",
            "app": "live"
        },
        "tv24": {
            "url": "rtmpe://112.197.2.154:1935/live/",
            "swfurl": "http://tv24.vn/getflash.ashx",
            "pageurl": "http://tv24.vn/LiveTV",
            "token": "1b#K8!3zc65ends!",
            "app": "live"
        }
    },
    "directories": {
        "root": {
            "title": "root",
            "logo":  "",
            "desc": "root menu",
            "content": [
            {"type":"chn","id":"tv24_sctv1"},
            {"type":"chn","id":"tv24_sctv2"},
            {"type":"chn","id":"tv24_sctv3"},
            {"type":"chn","id":"tv24_sctv4"},
            {"type":"chn","id":"tv24_sctv5"},
            {"type":"chn","id":"tv24_sctv6"},
            {"type":"chn","id":"tv24_sctv7"},
            {"type":"chn","id":"tv24_sctv8"},
            {"type":"chn","id":"tv24_sctv9"},
            {"type":"chn","id":"tv24_sctv10"},
            {"type":"chn","id":"tv24_sctv11"},
            {"type":"chn","id":"tv24_sctv12"},
            {"type":"chn","id":"tv24_sctv13"},
            {"type":"chn","id":"tv24_sctv14"},
            {"type":"chn","id":"tv24_sctv15"},
            {"type":"chn","id":"tv24_sctv16"},
            {"type":"chn","id":"tv24_sctv17"},
			{"type":"chn","id":"tv24_sctv18"},
			{"type":"chn","id":"tv24_vtv1"},
            {"type":"chn","id":"tv24_vtv2"},
            {"type":"chn","id":"tv24_vtv3"},
            {"type":"chn","id":"tv24_vtv4"},
            {"type":"chn","id":"tv24_vtv6"},
            {"type":"chn","id":"tv24_vtv9"},
			{"type":"chn","id":"vtc_htv7"},
			{"type":"chn","id":"tv24_htv9"},
            {"type":"chn","id":"tv24_antv"}
            ]
        }
    },
    "channels": {
        "tv24_sctv1": {
            "title": "SCTV1",
            "logo": "sctv.png",
            "desc": "Hài",
            "src": {
                "id":"tv24",
                "playpath": "sctv1_2",
                "referer": ""
            }
        },
        "tv24_sctv2": {
            "title": "SCTV2",
            "logo": "sctv.png",
            "desc": "Yan TV: Âm nhạc quốc tế",
            "src": {
                "id":"tv24",
                "playpath": "sctv2_2",
                "referer": ""
            }
        },
        "tv24_sctv3": {
            "title": "SCTV3",
            "logo": "sctv.png",
            "desc": "Sao TV: Thiếu nhi",
            "src": {
                "id":"tv24",
                "playpath": "sctv3_2",
                "referer": ""
            }
        },
        "tv24_sctv4": {
            "title": "SCTV4",
            "logo": "sctv.png",
            "desc": "Giải trí tổng hợp",
            "src": {
                "id":"tv24",
                "playpath": "sctv4_2",
                "referer": ""
            }
        },
        "tv24_sctv5": {
            "title": "SCTV5",
            "logo": "sctv.png",
            "desc": "Shopping TV: Mua sắm SCJ",
            "src": {
                "id":"tv24",
                "playpath": "sctv5_2",
                "referer": ""
            }
        },
        "tv24_sctv6": {
            "title": "SCTV6",
            "logo": "sctv.png",
            "desc": "Sóng nhạc",
            "src": {
                "id":"tv24",
                "playpath": "sctv6_2",
                "referer": ""
            }
        },
        "tv24_sctv7": {
            "title": "SCTV7",
            "logo": "sctv.png",
            "desc": "Sân khấu, Văn nghệ tổng hợp",
            "src": {
                "id":"tv24",
                "playpath": "sctv7_2",
                "referer": ""
            }
        },
        "tv24_sctv8": {
            "title": "SCTV8",
            "logo": "sctv.png",
            "desc": "Thông tin Kinh tế, Thị trường",
            "src": {
                "id":"tv24",
                "playpath": "sctv8_2",
                "referer": ""
            }
        },
        "tv24_sctv9": {
            "title": "SCTV9",
            "logo": "sctv.png",
            "desc": "Phim châu Á",
            "src": {
                "id":"tv24",
                "playpath": "sctv9_2",
                "referer": ""
            }
        },
        "tv24_sctv10": {
            "title": "SCTV10",
            "logo": "sctv.png",
            "desc": "Home Shopping Network: Mua sắm",
            "src": {
                "id":"tv24",
                "playpath": "sctv10_2",
                "referer": ""
            }
        },
        "tv24_sctv11": {
            "title": "SCTV11",
            "logo": "sctv.png",
            "desc": "Hát trên truyền hình",
            "src": {
                "id":"tv24",
                "playpath": "sctv11_2",
                "referer": ""
            }
        },
        "tv24_sctv12": {
            "title": "SCTV12",
            "logo": "sctv.png",
            "desc": "Du lịch, Khám phá",
            "src": {
                "id":"tv24",
                "playpath": "sctv12_2",
                "referer": ""
            }
        },
        "tv24_sctv13": {
            "title": "SCTV13",
            "logo": "sctv.png",
            "desc": "Phụ nữ và Gia đình",
            "src": {
                "id":"tv24",
                "playpath": "sctv13_2",
                "referer": ""
            }
        },
        "tv24_sctv14": {
            "title": "SCTV14",
            "logo": "sctv.png",
            "desc": "Phim Việt",
            "src": {
                "id":"tv24",
                "playpath": "sctv14_2",
                "referer": ""
            }
        },
        "tv24_sctv15": {
            "title": "SCTV15",
            "logo": "sctv.png",
            "desc": "Thể thao",
            "src": {
                "id":"tv24a",
                "playpath": "C042_SD_2",
                "referer": ""
            }
        },
        "tv24_sctv16": {
            "title": "SCTV16",
            "logo": "sctv.png",
            "desc": "Phim truyện nước ngoài",
            "src": {
                "id":"tv24",
                "playpath": "sctv16_2",
                "referer": ""
            }
        },
        "tv24_sctv17": {
            "title": "SCTV17",
            "logo": "sctv.png",
            "desc": "Phim tổng hợp",
            "src": {
                "id":"tv24",
                "playpath": "sctv17_2",
                "referer": ""
            }
        },
        "tv24_sctv18": {
            "title": "SCTV18",
            "logo": "sctv.png",
            "desc": "Thể thao",
            "src": {
                "id":"tv24",
                "playpath": "sctvhdthethao_2",
                "referer": ""
            }
        },
		"tv24_vtv1": {
            "title": "VTV1",
            "logo": "vtv1.png",
            "desc": "Thông tin tổng hợp",
            "src": {
                "id":"tv24",
                "playpath": "vtv1_2",
                "referer": ""
            }
        },
        "tv24_vtv2": {
            "title": "VTV2",
            "logo": "vtv2.png",
            "desc": "Khoa học, Giáo dục",
            "src": {
                "id":"tv24",
                "playpath": "vtv2_2",
                "referer": ""
            }
        },
        "tv24_vtv3": {
            "title": "VTV3",
            "logo": "vtv3.png",
            "desc": "Thể thao, Giải trí, Thông tin Kinh tế",
            "src": {
                "id":"tv24",
                "playpath": "vtv3_2",
                "referer": ""
            }
        },
        "tv24_vtv4": {
            "title": "VTV4",
            "logo": "vtv4.png",
            "desc": "Kênh cho người Việt Nam ở nước ngoài",
            "src": {
                "id":"tv24",
                "playpath": "vtv4_2",
                "referer": ""
            }
        },
        "tv24_vtv6": {
            "title": "VTV6",
            "logo": "vtv6.png",
            "desc": "Kênh cho Thanh, thiếu niên",
            "src": {
                "id":"tv24",
                "playpath": "vtv6_2",
                "referer": ""
            }
        },
        "tv24_vtv9": {
            "title": "VTV9",
            "logo": "vtv9.png",
            "desc": "Kênh cho Khán giả miền Nam",
            "src": {
                "id":"tv24",
                "playpath": "vtv9_2",
                "referer": ""
            }
        },
		"tv24_htv9": {
            "title": "HTV9",
            "logo": "htv9.png",
            "desc": "Chính trị, Xã hội",
            "src": {
                "id":"tv24",
                "playpath": "htv9_2",
                "referer": ""
            }
        },
		"vtc_htv7": {
            "title": "HTV7",
            "logo": "htv7.png",
            "desc": "Thông tin,Giải trí",
            "src": {
                "id":"vtc",
                "playpath": "htv7_h",
                "referer": ""
            }
        },
		"fpt_vtv3hd": {
            "title": "VTV3 HD",
            "logo": "vtv3.png",
            "desc": "Thể thao, Giải trí, Thông tin Kinh tế",
            "src": {
                "id":"fpt",
                "playpath": "vtv3HD_1000.stream/playlist.m3u8",
                "referer": ""
            }
        },
        "tv24_antv": {
            "title": "ANTV",
            "logo": "antv.png",
            "desc": "Kênh An ninh Nhân dân",
            "src": {
                "id":"tv24",
                "playpath": "antv_2",
                "referer": ""
            }
        }
    }
}
