<?xml version="1.0" encoding="UTF-8" standalone="yes"?>
<addon
  id="plugin.video.megafun.vn"
  version="1.0.13"
  name="TV-MegaFun"
  provider-name="ThuNM">
  <requires>
    <import addon="xbmc.python" version="2.1.0"/>
  </requires>
  <extension point="xbmc.python.pluginsource" library="default.py">
        <provides>video</provides>
  </extension>
  <extension point="xbmc.addon.metadata">
    <summary>Megafun.VN</summary>
    <description>Xem truc tuyen va xem lai cac kenh truyen hinh tai megafun.vn</description>
    <platform>all</platform>
  </extension>
</addon>