<?xml version="1.0" encoding="UTF-8" standalone="yes"?>
<addon
  id="plugin.video.zingtv"
  version="1.0.6"
  name="Zing TV"
  provider-name="Thu Nguyen Minh">
  <requires>
    <import addon="xbmc.python" version="2.1.0"/>
		<import addon="script.module.urlresolver" version="0.0.1"/>
  </requires>
  <extension point="xbmc.python.pluginsource" library="default.py">
        <provides>video</provides>
  </extension>
  <extension point="xbmc.addon.metadata">
    <summary>ZINGTV Thun</summary>
    <description>Watch Zing TV (Vietnamese) Videos</description>
    <platform>all</platform>
  </extension>
</addon>