<?xml version="1.0" encoding="UTF-8" standalone="yes"?>
<addon
  id="plugin.video.phimclip.vn"
  version="1.1.0"
  name="Phim-ClipVN"
  provider-name="ThongLD">
  <requires>
    <import addon="xbmc.python" version="2.1.0"/>
		<import addon="script.module.urlresolver" version="0.0.1"/>
  </requires>
  <extension point="xbmc.python.pluginsource" library="default.py">
        <provides>video</provides>
  </extension>
  <extension point="xbmc.addon.metadata">
    <summary>PhimClip.VN</summary>
    <description>Xem phim HD mien phi tai phimclip.vn</description>
    <platform>all</platform>
  </extension>
</addon>