<?xml version="1.0" encoding="UTF-8" standalone="yes"?>
<addon
  id="plugin.video.zingtv.vn"
  version="1.0.11"
  name="ZingTV"
  provider-name="ThuNM">
  <requires>
    <import addon="xbmc.python" version="2.1.0"/>
		<import addon="script.module.urlresolver" version="0.0.1"/>
  </requires>
  <extension point="xbmc.python.pluginsource" library="default.py">
        <provides>video</provides>
  </extension>
  <extension point="xbmc.addon.metadata">
    <summary>tv.zing.vn</summary>
    <description>Xem phim HD va cac clip hoat hinh tai zing.vn</description>
    <platform>all</platform>
  </extension>
</addon>