<?xml version="1.0" encoding="UTF-8" standalone="yes"?>
<addon
  id="plugin.video.hayhaytv.vn"
  version="1.0.21"
  name="Phim-HayHayTV"
  provider-name="ThuNM">
  <requires>
    <import addon="xbmc.python" version="2.1.0"/>
  </requires>
  <extension point="xbmc.python.pluginsource" library="default.py">
        <provides>video</provides>
  </extension>
  <extension point="xbmc.addon.metadata">
    <summary>hayhaytv</summary>
    <description>Xem Phim HD chat luong cao tai HayhayTV (can co tai khoan VIP) </description>
    <platform>all</platform>
  </extension>
</addon>