<?xml version="1.0" encoding="UTF-8" standalone="yes"?>
<addon id="plugin.video.cartoonhd" name="Cartoon HD" version="1.1.6" provider-name=".[COLOR blue]X[/COLOR]unity[COLOR blue]T[/COLOR]alk">
  <requires>
    <import addon="xbmc.python" version="2.1.0"/>
  </requires>
  <extension point="xbmc.python.pluginsource" library="default.py">
        <provides>video</provides>
  </extension>
  <extension point="xbmc.addon.metadata">
    <summary lang="en">Cartoon HD</summary>
    <description lang="en">Watch All Your Favourite Cartoons</description>
    <platform>all</platform>
  </extension>
  <extension point="xbmc.addon.repository" name=".[COLOR blue]X[/COLOR]unity[COLOR blue]T[/COLOR]alk Repository" version="1.0.1" provider-name=".[COLOR blue]X[/COLOR]unity[COLOR blue]T[/COLOR]alk">
		<info compressed="false">http://pythonxbmcking.googlecode.com/svn/addons/addons.xml</info>
		<checksum>http://pythonxbmcking.googlecode.com/svn/addons/addons.xml.md5</checksum>
		<datadir zip="true">http://pythonxbmcking.googlecode.com/svn/addons</datadir>
	</extension>
</addon>
