<?xml version="1.0" encoding="UTF-8" standalone="yes"?>
<addon id="plugin.video.snagfilms"
       name="Snagfilms"
       version="1.0.7"
       provider-name="t1m">
  <requires>
    <import addon="xbmc.python" version="2.1.0"/>
  </requires>
  <extension point="xbmc.python.pluginsource"
            library="default.py">
        <provides>video</provides>
  </extension>
  <extension point="xbmc.addon.metadata">
    <summary lang="en">Snagfilms Video Addon</summary>
    <description lang="en">SnagFilms offers a broad collection of great movies you can watch right now</description>
    <disclaimer lang="en">Feel free to use this script. For information visit the wiki.</disclaimer>
    <platform>all</platform>
    <language>en</language>
    <license>GNU GENERAL PUBLIC LICENSE. Version 2, June 1991</license>
    <forum></forum>
    <website>http://www.snagfilms.com</website>
    <email></email>
    <source></source>
  </extension>
</addon>
