<?xml version="1.0" encoding="UTF-8" standalone="yes"?>
<addon id="plugin.audio.netmusic"
       name="Music-iMusic"
       version="1.0.17"
       provider-name="DaveLN">
  <requires>
        <import addon="xbmc.python" version="2.1.0" optional="true" />
		<import addon="script.module.simplejson" />
		<import addon="script.module.t0mm0.common" version="1.1.0"/>
  </requires>
  <extension point="xbmc.python.pluginsource"
            library="default.py">
        <provides>audio</provides>
  </extension>
  <extension point="xbmc.addon.metadata">
    <summary>Music</summary>
    <description>Internet Music</description>
	<disclaimer lang="en">I am not responsible for the contents of these streams, which are pulled from online provider(s). The streams do not represent my views or opinions in any way.</disclaimer>	
    <platform>all</platform>
  </extension>
</addon>