<?xml version="1.0" encoding="UTF-8" standalone="yes"?>
<addon
  id="plugin.video.hdviet.com"
  version="1.0.8"
  name="Phim-HDviet"
  provider-name="ThuNM">
  <requires>
    <import addon="xbmc.python" version="2.1.0"/>
  </requires>
  <extension point="xbmc.python.pluginsource" library="default.py">
        <provides>video</provides>
  </extension>
  <extension point="xbmc.addon.metadata">
    <summary>HDVIET - Ứng dụng xem phim HD từ server HDviet</summary>
    <description>Addons này đang trong quá trình thử nghiệm. chỉ cung cấp cho các box do tvbox.store phân phối</description>
    <platform>all</platform>
  </extension>
</addon>