<?xml version="1.0" encoding="UTF-8" standalone="yes"?>
<addon
  id="plugin.video.movihd.net"
  version="0.0.3"
  name="Phim-MoviHD"
  provider-name="TTV">
  <requires>        
  </requires>
  <extension point="xbmc.python.pluginsource"
            library="default.py">
        <provides>video</provides>
  </extension>
  <extension point="xbmc.addon.metadata">
    <summary>Watch Movies</summary>
    <description>Watch Movies on movihd.net</description>
    <platform>all</platform>
  </extension>
</addon>