<?xml version="1.0" encoding="UTF-8" standalone="yes"?>
<addon
  id="plugin.video.phimvang.org"
  version="1.1.1"
  name="Phim-Phimvang"
  provider-name="Traitravinh">
  <requires>        
  </requires>
  <extension point="xbmc.python.pluginsource"
            library="default.py">
        <provides>video</provides>
  </extension>
  <extension point="xbmc.addon.metadata">
    <summary>Watch Movies</summary>
    <description>Watch Movies on phimvang.org</description>
    <platform>all</platform>
  </extension>
</addon>