<?xml version="1.0" encoding="UTF-8" standalone="yes" ?>
<addon id="plugin.video.vietplay" name="Show-FPTPlay" version="1.0" provider-name="VietMusic">
    <requires>
        <import addon="xbmc.python" version="2.1.0" optional="true" />
        <import addon="script.module.simplejson" />
        <import addon="script.module.t0mm0.common" version="1.1.0" />
    </requires>
    <extension point="xbmc.python.pluginsource" library="default.py">
        <provides>video</provides>
    </extension>
    <extension point="xbmc.addon.metadata">
        <summary>[COLOR cyan]http://fptplay.net[/COLOR]</summary>
        <description>[COLOR yellow]Watch free TV and video clips at http://fptplay.net[/COLOR]</description>
        <disclaimer lang="en">[COLOR lime][B]a[/COLOR][COLOR chocolate]Rookie[/B][/COLOR] [COLOR red]I am not responsible for the contents of these streams, which are pulled from online provider(s). The streams do not represent my views or opinions in any way.[/COLOR]</disclaimer>
        <platform>all</platform>
    </extension>
</addon>