<?xml version="1.0" encoding="UTF-8" standalone="yes"?>
<addon
  id="plugin.video.hdonline.vn"
  version="1.0.9"
  name="Phim-HDOnline"
  provider-name="ThongLD">
  <requires>
    <import addon="xbmc.python" version="2.1.0"/>
  </requires>
  <extension point="xbmc.python.pluginsource" library="default.py">
        <provides>video</provides>
  </extension>
  <extension point="xbmc.addon.metadata">
    <summary>hdonline.vn</summary>
    <description>Xem phim HD Long tieng va Thuyet minh tieng Viet tai HDonline</description>
    <platform>all</platform>
  </extension>
</addon>